"ID";"Bezeichner";"Gehäuse";"Stückzahl";"Bezeichnung";"Anbieter und Referenz";
1;"C1";"CP_Radial_D5.0mm_P2.00mm";1;"220µF";;;
2;"C2";"CP_Radial_D4.0mm_P2.00mm";1;"22µF";;;
3;"D1";"D_A-405_P7.62mm_Horizontal";1;"1N4007";;;
4;"D2";"LED_D3.0mm";1;"LED_2";;;
5;"D3";"LED_D3.0mm";1;"LED_1";;;
6;"D4";"LED_D3.0mm";1;"LED_bl";;;
7;"D5";"LED_D3.0mm";1;"LED_t";;;
8;"J1";"TerminalBlock_bornier-2_P5.08mm";1;"Power";;;
9;"J4";"TerminalBlock_bornier-2_P5.08mm";1;"SSR_out";;;
10;"J5";"Pin_Header_Straight_1x06_Pitch2.54mm";1;"LED_BOARD_out";;;
11;"J6";"JST_XH_B03B-XH-A_03x2.50mm_Straight";1;"S1_out";;;
12;"J7";"TerminalBlock_bornier-3_P5.08mm";1;"Alt_Conn_S1";;;
13;"J8";"JST_XH_B03B-XH-A_03x2.50mm_Straight";1;"S2_out";;;
14;"J9";"TerminalBlock_bornier-3_P5.08mm";1;"Alt_Conn_S2";;;
15;"J10";"Pin_Header_Straight_1x06_Pitch2.54mm";1;"LED_BOARD_in";;;
16;"JP2";"Pin_Header_Straight_1x03_Pitch2.54mm";1;"Pullup/Pulldown S1";;;
17;"JP3";"Pin_Header_Straight_1x03_Pitch2.54mm";1;"Pullup/Pulldown S2";;;
18;"R1,R3";"R_Axial_DIN0207_L6.3mm_D2.5mm_P7.62mm_Horizontal";2;"470";;;
19;"R2";"R_Axial_DIN0207_L6.3mm_D2.5mm_P7.62mm_Horizontal";1;"4K7";;;
20;"R4,R5";"R_Axial_DIN0207_L6.3mm_D2.5mm_P7.62mm_Horizontal";2;"10K";;;
21;"R6,R7,R9,R8";"R_Axial_DIN0207_L6.3mm_D2.5mm_P7.62mm_Horizontal";4;"3K3";;;
22;"U3";"NodeMCU Amica";1;"NodeMCU_1.0_(ESP-12E)";;;
23;"U2";"D1_mini_board";1;"WeMos_mini";;;
24;"JP4";"Pin_Header_Straight_1x03_Pitch2.54mm";1;"Module select";;;
25;"SW1";"SW_PUSH_6mm_h9.5mm";1;"SW_Push";;;
26;"JP1";"Pin_Header_Straight_1x02_Pitch2.54mm";1;"Close for relay";;;
27;"H2,H3,H4,H6,H8,H11,H12,H1";"MountingHole_3.2mm_M3_DIN965_Pad";8;"M3";;;
28;"Q1";"TO-92_Inline";1;"2N3904TA";;;
